{
    "users":
    [
        {
            "DisplayName": "John Smith",
            "EmailAddress": "john.smith@example.com",
            "Username": "johnsmith",
            "Password": "123456"
        },
        {
            "DisplayName": "May Smith",
            "EmailAddress": "may.smith@example.com",
            "Username": "maysmith",
            "Password": "123456"
        },
        {
            "DisplayName": "Admin",
            "EmailAddress": "admin@example.com",
            "Username": "admin",
            "Password": "123456"
        }

    ]
}